"date","obs_gdp","obs_hours","obs_wages","obs_gdpdeflator","obs_corepce","obs_nominalrate","obs_consumption","obs_investment","obs_BBBspread","obs_longinflation","obs_longrate","obs_tfp","obs_gdi","obs_AAAspread","obs_nominalrate1","obs_nominalrate2","obs_nominalrate3","obs_nominalrate4","obs_nominalrate5","obs_nominalrate6"
"1959-09-30",-0.5928941049433645,NaN,0.1766022298600789,0.4110586190384069,0.6532290375282912,0.8925,0.8492100698660021,0.5474538780011695,0.22999999999999998,NaN,NaN,-1.2431076060744315,-1.2219510318125737,0.0674999999999999,NaN,NaN,NaN,NaN,NaN,NaN
"1959-12-31",0.020183814860508242,NaN,0.5725723000939209,0.3863569088217389,0.5708864220320464,0.9975,-0.10556727352235562,-1.723630919843222,0.25749999999999984,NaN,NaN,-0.28732661186745445,0.3257061527345062,0.08250000000000002,NaN,NaN,NaN,NaN,NaN,NaN
"1960-03-31",2.0396041783239394,NaN,1.9296258904163421,0.20123623292418458,0.32317407076414284,0.9825,0.5060759049788199,2.8878784671911517,0.25749999999999984,NaN,NaN,2.8854675057796046,2.0405782220418,0.0674999999999999,NaN,NaN,NaN,NaN,NaN,NaN
"1960-06-30",-0.8402077402476449,NaN,0.280586329160204,0.3612078576803679,0.3831103211723974,0.925,1.0601143237444433,-2.3845945938831603,0.27249999999999996,NaN,NaN,-2.9317131827099554,-0.5090004515004187,0.07250000000000001,NaN,NaN,NaN,NaN,NaN,NaN
"1960-09-30",-0.21226949567809683,NaN,0.14919483519015841,0.4511071175973047,0.4037281152343919,0.735,-0.8485696295245315,-2.9872586647104793,0.3074999999999999,NaN,NaN,-0.8483798493766218,-0.4700346032876279,0.10999999999999988,NaN,NaN,NaN,NaN,NaN,NaN
"1960-12-31",-1.7171288157993514,NaN,-0.013621801523400201,0.44908127657485863,0.33061524494826244,0.575,-0.24583959471404793,-1.1817189911459303,0.29249999999999987,NaN,NaN,-1.6635972406809698,-1.0539334512330134,0.09750000000000003,NaN,NaN,NaN,NaN,NaN,NaN
"1961-03-31",0.4037156018442456,NaN,0.764205823707842,0.11337226995191685,0.1703905653127613,0.4975,-0.3001897506059725,-1.5857967664834827,0.3024999999999999,NaN,NaN,0.2349534839567116,-0.03997415597600806,0.10499999999999987,NaN,NaN,NaN,NaN,NaN,NaN
"1961-06-30",1.5093084964862502,NaN,1.1716175210914948,0.20940045570028154,0.32896570047262763,0.4325,0.8766703581730484,1.140306232330457,0.3024999999999999,NaN,NaN,3.4016201506233785,1.3428415406337102,0.11750000000000005,NaN,NaN,NaN,NaN,NaN,NaN
"1961-09-30",1.33235043593527,NaN,0.5294554662943374,0.2202457476502495,0.44239401461467764,0.42,0.2920552753917116,1.81439073118983,0.2775000000000001,NaN,NaN,0.9259086822501926,1.2602863438705647,0.1100000000000001,NaN,NaN,NaN,NaN,NaN,NaN
"1961-12-31",1.7269304351343884,NaN,0.48355827637318605,0.23664649312902242,0.25036751770981525,0.6,1.4739816043867204,2.4336014815658613,0.27,NaN,NaN,1.330320446956075,2.0697551458791486,0.09499999999999997,NaN,NaN,NaN,NaN,NaN,NaN
"1962-03-31",1.4374277391216994,NaN,1.0847501079549127,0.505221687642532,0.37437986268491485,0.615,0.6284807851575369,1.1761577135831813,0.24249999999999994,NaN,NaN,0.20164397636783965,0.8246709158528764,0.08000000000000007,NaN,NaN,NaN,NaN,NaN,NaN
"1962-06-30",0.590999897470379,NaN,0.3830522510566703,0.2739957539356297,0.3837738825548609,0.6525,0.9187898409715345,2.244475408277413,0.26749999999999996,NaN,NaN,0.10605574107372201,0.6273692566278521,0.08999999999999997,NaN,NaN,NaN,NaN,NaN,NaN
"1962-09-30",0.5481359529227126,NaN,0.46496459846412375,0.23425745555685218,0.31779402469580553,0.7125,0.4677366962512197,0.15697713011089132,0.25750000000000006,NaN,NaN,0.9847322116619575,0.6163539307347143,0.08000000000000007,NaN,NaN,NaN,NaN,NaN,NaN
"1962-12-31",-0.035528967710196646,NaN,0.6910452018568214,0.23370997227267765,0.17194136738321042,0.73,1.07678845508421,-1.0437645442263666,0.25749999999999995,NaN,NaN,0.9957616234266632,0.7625209753834294,0.0824999999999999,NaN,NaN,NaN,NaN,NaN,NaN
"1963-03-31",0.6900121771595824,NaN,0.4967515847641657,0.4879140307015639,0.32694655949510043,0.7425,0.10174523949215697,0.4378682773902187,0.23249999999999993,NaN,NaN,-0.049077755328162734,0.4083879071212104,0.06000000000000005,NaN,NaN,NaN,NaN,NaN,NaN
"1963-06-30",0.9966473616248361,NaN,0.4226542027129798,0.07740366395196929,0.35787768880339854,0.74,0.6341102638951934,3.76588016170466,0.20750000000000002,NaN,NaN,0.8016685133285538,1.1646707323195171,0.050000000000000044,NaN,NaN,NaN,NaN,NaN,NaN
"1963-09-30",1.5910086945872814,NaN,0.9156915936730403,0.09943104172225325,0.3725390152106822,0.8325,1.3543397677790558,1.6694902864220151,0.19500000000000006,NaN,NaN,1.842713289447957,0.9922717966496464,0.05750000000000011,NaN,NaN,NaN,NaN,NaN,NaN
"1963-12-31",0.47564751010256145,NaN,0.4943715837318119,0.6548739800555481,0.4875214997569266,0.8625,0.1785815207930197,2.152043294177186,0.16999999999999993,NaN,NaN,-0.1647493971192075,0.644528022223545,0.04249999999999998,NaN,NaN,NaN,NaN,NaN,NaN
"1964-03-31",1.7038899377354033,-44.64566949214941,-0.45544894928979396,0.3777618026047591,0.4325357518876416,0.865,1.6737134293588918,2.331128167945018,0.15999999999999992,NaN,NaN,1.1785341849703448,1.2238258492383913,0.047499999999999876,NaN,NaN,NaN,NaN,NaN,NaN
"1964-06-30",0.7583288953940004,-43.36089620853478,0.8040338682653303,0.300095710142223,0.31006147235936865,0.8725,1.3030595407540035,0.08014953389766655,0.16249999999999987,NaN,NaN,0.2568923939255687,1.0139693043123232,0.05249999999999999,NaN,NaN,NaN,NaN,NaN,NaN
"1964-09-30",0.8714628389243417,-43.88381543399831,0.8090881320092835,0.49997386906444063,0.2881770876464351,0.865,1.2815827787223677,0.806467504433428,0.16000000000000014,NaN,NaN,0.8165938864628821,0.9312873532084209,0.05750000000000011,NaN,NaN,NaN,NaN,NaN,NaN
"1964-12-31",0.0027654571255419924,-43.668887855105076,0.3069257384594848,0.4273395192393892,0.2664787218414677,0.895,-0.18073379825711555,1.1252500822415357,0.15749999999999997,NaN,NaN,-0.6498240239848792,0.603144772636588,0.0625,NaN,NaN,NaN,NaN,NaN,NaN
"1965-03-31",2.1297381329739906,-43.10091170232653,-0.033622552875500755,0.4308958514530836,0.3698017183382696,0.995,1.71306660201338,3.6401665268555594,0.14749999999999996,NaN,NaN,2.116845308985047,1.906401717731554,0.05499999999999994,NaN,NaN,NaN,NaN,NaN,NaN
"1965-06-30",0.9840983280672067,-42.46931846168245,0.21167632144324378,0.4611515491812934,0.3062630544103495,1.02,0.7561770095556586,2.1634485849662988,0.15250000000000008,NaN,NaN,-0.224063781924044,0.8966534540537419,0.05750000000000011,NaN,NaN,NaN,NaN,NaN,NaN
"1965-09-30",1.5689962572978056,-42.43777415884509,0.5892040265521592,0.45903469981758427,0.31049497103889934,1.02,1.2501592490264057,1.9965013637586404,0.15999999999999992,NaN,NaN,1.8289665211062593,0.9498389545054886,0.0625,NaN,NaN,NaN,NaN,NaN,NaN
"1965-12-31",1.985561714794093,-42.17178943499178,0.8266331507962521,0.6475950229241079,0.3301354489202435,1.0425,2.0667314249925184,2.44539620891856,0.1399999999999999,NaN,NaN,1.6926028847426227,1.8281259571189645,0.050000000000000044,NaN,NaN,NaN,NaN,NaN,NaN
"1966-03-31",2.095419773958618,-41.807461343148056,1.0963311428417,0.6118807992296027,0.5085409701111487,1.14,1.2469283095959849,2.210311858125258,0.1299999999999999,NaN,NaN,1.88957258171232,1.8215753815892466,0.039999999999999813,NaN,NaN,NaN,NaN,NaN,NaN
"1966-06-30",-0.04881936915785978,-41.86178530408622,0.673493198919195,0.9056468129712503,0.8113738284028393,1.2275,-0.20542704815849078,-0.5945250843338967,0.19999999999999996,NaN,NaN,-1.3452759031361654,0.19827233138263178,0.0774999999999999,NaN,NaN,NaN,NaN,NaN,NaN
"1966-09-30",0.4082118886436392,-42.08364061683341,0.5340358204265483,0.8820229434207238,0.8300482923633723,1.3525,0.6315256319749052,-1.186398169190761,0.24,NaN,NaN,-0.8251971583132375,0.39320106406213196,0.10250000000000004,NaN,NaN,NaN,NaN,NaN,NaN
"1966-12-31",0.5002407324544267,-41.953936801049,0.5294820155665403,0.8179689097457032,0.8681960538761135,1.39,-0.0142253559632044,-2.6606474700855642,0.32999999999999985,NaN,NaN,-0.026689695626670173,0.5222205195925866,0.1399999999999999,NaN,NaN,NaN,NaN,NaN,NaN
"1967-03-31",0.5108859937851262,-43.24638613732308,0.9295698302017485,0.41924495172023235,0.5531070233584234,1.205,0.062450706220329444,-2.3675181397154743,0.33000000000000007,NaN,NaN,-0.21698820308935676,0.184940317590776,0.14000000000000012,NaN,NaN,NaN,NaN,NaN,NaN
"1967-06-30",-0.39133370107740095,-43.58987967560566,1.011142493039141,0.5951641547659037,0.6636644635533262,0.9975,0.8289644498976179,1.9467525484459514,0.28500000000000014,NaN,NaN,0.22704164765691193,0.06346490417292738,0.10499999999999998,NaN,NaN,NaN,NaN,NaN,NaN
"1967-09-30",0.5064072829146671,-43.035674751956954,0.4535369994675742,0.893697094609136,0.8992910553234701,0.9725,0.11952421095196009,0.5143578598810095,0.3075000000000001,NaN,NaN,-0.34012253144756577,0.6994660937139408,0.13000000000000012,NaN,NaN,NaN,NaN,NaN,NaN
"1967-12-31",0.39463004411199876,-42.77896568065458,0.2579446200350888,1.0898473117669116,0.9978908225558136,1.0425,-0.046874225929394164,2.603362102187179,0.29499999999999993,NaN,NaN,-0.0117643224923418,0.5919503483334143,0.12250000000000005,NaN,NaN,NaN,NaN,NaN,NaN
"1968-03-31",1.6002749573547304,-43.616102243664656,1.563338817500759,1.08793477367648,1.1222273103840497,1.1975,1.9002435431395126,1.8108630369568335,0.345,NaN,NaN,1.9397282148210913,1.0952765221999172,0.16999999999999993,NaN,NaN,NaN,NaN,NaN,NaN
"1968-06-30",1.1865652657272685,-42.926112098540514,0.5040246756081723,1.1102801687140396,1.1523937054766176,1.495,0.9779110712225147,-0.849238913444339,0.38749999999999996,NaN,NaN,0.850175976015121,1.0187086301873816,0.19500000000000006,NaN,NaN,NaN,NaN,NaN,NaN
"1968-09-30",0.29429361703421364,-43.16914438132411,0.6650097184286885,0.9584737912987418,1.1111748587840697,1.4875,1.4820233382251802,0.7167187352663418,0.3975000000000002,NaN,NaN,0.04723221166195732,0.8758439362928749,0.20250000000000012,NaN,NaN,NaN,NaN,NaN,NaN
"1968-12-31",0.012190694273606084,-43.365387225775365,0.5863273407899161,1.3874492972250962,1.1591499104947722,1.48,-0.2814228986862455,2.652454656701031,0.3500000000000001,NaN,NaN,-0.7211501412792193,0.17971542599484192,0.15250000000000008,NaN,NaN,NaN,NaN,NaN,NaN
"1969-03-31",1.10913981992935,-42.96044018934069,0.3456475253604374,1.0022302961889995,1.104678452655783,1.6425,0.6319669713681808,2.3994983584788465,0.3174999999999999,NaN,NaN,-0.5410030824556897,0.5140435630023088,0.14749999999999996,NaN,NaN,NaN,NaN,NaN,NaN
"1969-06-30",-0.1927890230019269,-42.867416514439505,0.2906427785984045,1.3131336609317756,1.1966927021731522,2.0825,0.13346657667450135,-0.18440761124777216,0.36250000000000004,NaN,NaN,-0.7360610087969116,0.17344589369281405,0.1875,NaN,NaN,NaN,NaN,NaN,NaN
"1969-09-30",0.11573346298603404,-42.91545789704507,0.3588340666048073,1.41519406157129,1.1557183162913987,2.245,-0.19623060474487364,0.4567344952302044,0.39250000000000007,NaN,NaN,-0.4498291247389406,0.23612549530507287,0.1775,NaN,NaN,NaN,NaN,NaN,NaN
"1969-12-31",-0.8987326319865652,-42.87330987454396,0.6770930434364497,1.2418564310178404,1.1734511039449114,2.235,0.21147391072680044,-2.6986138276351657,0.4149999999999998,NaN,NaN,-1.3684029943855274,-0.6387802213143612,0.18999999999999995,NaN,NaN,NaN,NaN,NaN,NaN
"1970-03-31",-0.6539761019832779,-43.654505054244375,0.41930679412451877,1.3694231290725778,1.0811866407623771,2.14,-0.10617516994795295,-1.5753008122575296,0.49750000000000005,NaN,NaN,-1.18626013724267,-1.188207513606887,0.28,NaN,NaN,NaN,NaN,NaN,NaN
"1970-06-30",-0.3881178656794271,-45.16205582488464,0.1453828244312172,1.4344780442048233,1.1258296305893367,1.97,-0.3986820547679626,-1.8914184257279643,0.4600000000000002,NaN,NaN,0.1508702872255366,-0.5703736160170836,0.2500000000000002,NaN,NaN,NaN,NaN,NaN,NaN
"1970-09-30",0.3642026597990622,-45.98448220132525,0.8169886177416097,0.8142939662227455,1.1090209952667074,1.6775,0.5098295536923203,0.09135807310919342,0.6125,NaN,NaN,1.2072083153945505,0.2993447259236115,0.31500000000000017,NaN,NaN,NaN,NaN,NaN,NaN
"1970-12-31",-1.5547329070745075,-46.75621746527714,-0.3050401428258187,1.2952595042147852,1.3923899445269505,1.3925,-0.8114843789226889,-0.7106576747603177,0.6749999999999998,NaN,NaN,-1.8898315658140987,-1.4609583298687445,0.3325,NaN,NaN,NaN,NaN,NaN,NaN
"1971-03-31",2.096041031414897,-47.476223356781766,0.5235975882627142,1.5163778586205545,1.2609345375398817,0.965,0.7747240613826811,1.6788142358186153,0.6099999999999999,NaN,NaN,2.9101684341859015,1.4254004893090366,0.2825,NaN,NaN,NaN,NaN,NaN,NaN
"1971-06-30",0.0019213306997389878,-47.44259289113195,0.12521393448443607,1.330714040057801,1.1341650611149223,1.1425,0.17304279040442072,3.2365357630801506,0.5949999999999998,NaN,NaN,-0.24330738560850587,0.0850119327755916,0.30999999999999983,NaN,NaN,NaN,NaN,NaN,NaN
"1971-09-30",0.23083135675501243,-47.57323089721073,0.36746688535926886,1.0031092832128774,0.9422051596386538,1.37,0.21444039757403388,1.2985463967943534,0.6174999999999997,NaN,1.55926818175,0.8617650781596102,0.31877200078573864,0.3324999999999998,NaN,NaN,NaN,NaN,NaN,NaN
"1971-12-31",-0.25617397335533365,-46.68671363559831,-0.14246792008203446,0.8207754724468774,0.5691997803962234,1.1875,0.88976055614165,2.105469979609065,0.6200000000000001,NaN,1.49589918025,-0.47519144357952037,0.7150851913654721,0.3425,NaN,NaN,NaN,NaN,NaN,NaN
"1972-03-31",1.1372290490422987,-46.02537310325907,1.0297761861195798,1.617571480597535,0.9602655995510467,0.8875,0.17618153615499565,3.212919151448368,0.5475000000000001,NaN,1.52779603175,0.8762578317827985,0.7972180780116744,0.2975000000000001,NaN,NaN,NaN,NaN,NaN,NaN
"1972-06-30",1.7414118383016763,-45.77139633946743,0.5708068018893231,0.600408790961815,0.6763136809790904,1.075,1.3106635699659641,1.2446743375117086,0.5350000000000001,NaN,1.54726601575,1.9161129042465668,0.727515848326421,0.30000000000000004,NaN,NaN,NaN,NaN,NaN,NaN
"1972-09-30",0.4121093968616929,-45.89965025498142,0.44680523406238626,0.8799704797258112,0.7509720402685716,1.185,0.9727519829403564,0.6822292075425618,0.5425,NaN,1.56379920625,0.5393013100436681,1.109261006712825,0.3025,NaN,NaN,NaN,NaN,NaN,NaN
"1972-12-31",1.2345847671744625,-45.51553131106196,0.7408849476135737,1.1206928500083535,0.6274313738830806,1.2875,1.4662769779081541,3.9950421603956396,0.5175000000000001,NaN,1.56563041675,1.9849534839567118,2.119862736136646,0.30499999999999994,NaN,NaN,NaN,NaN,NaN,NaN
"1973-03-31",1.763824442452222,-45.060076842784014,1.3112336194839536,1.2755973721819025,0.6977684131943107,1.635,1.1824205595195814,3.0478347386130142,0.27749999999999986,NaN,1.6124346775,1.7965476868552623,1.1042088694049657,0.08999999999999986,NaN,NaN,NaN,NaN,NaN,NaN
"1973-06-30",0.46224553482235864,-44.47525904508485,-0.2406606308906878,1.627431699394144,1.3579785001351041,1.955,-0.3051132143588209,0.336047223458924,0.28,NaN,1.64594920625,-0.5802639073476363,-0.11552164165653522,0.08499999999999996,NaN,NaN,NaN,NaN,NaN,NaN
"1973-09-30",-1.051553118093207,-44.39225772030486,-0.13388847778571522,1.853273439093206,1.3245733817399241,2.64,-0.22350474687833355,-0.573588061699104,0.2725000000000002,NaN,1.7483170635,-2.0150465160432884,-0.17635283118542233,0.05249999999999999,NaN,NaN,NaN,NaN,NaN,NaN
"1973-12-31",0.6462748335886004,-44.1464748922515,0.287846898484756,1.7162530598365144,1.3823016383140097,2.5,-0.5156877796389292,-1.745957075106619,0.29499999999999993,NaN,1.66221916675,-0.22197442295695577,0.7593507822617807,0.09750000000000014,NaN,NaN,NaN,NaN,NaN,NaN
"1974-03-31",-1.5020019854436018,-44.67859110508545,0.23640579235894021,2.017022487649056,1.7032765811573203,2.3325,-0.49390721182374087,-2.59025969898814,0.24749999999999983,NaN,1.73532295075,-3.1326887086712416,-1.4479004084155922,0.08750000000000013,NaN,NaN,NaN,NaN,NaN,NaN
"1974-06-30",-0.13168923114419417,-45.337233257154175,0.373975837156737,2.2109439931406794,2.4513620262728075,2.8125,0.39880666974527745,-1.111470517408364,0.2450000000000001,NaN,1.89625873025,-1.2505458515283845,-0.7921892944834141,0.06999999999999984,NaN,NaN,NaN,NaN,NaN,NaN
"1974-09-30",-1.6429805435501654,-45.57940693279399,-0.08027494444278194,3.0044430371909847,2.8238839858983233,3.025,-0.4535010449868704,-1.4727178813956465,0.3325,NaN,1.98240234375,-2.0148315658140987,-1.2001920344756778,0.12749999999999995,NaN,NaN,NaN,NaN,NaN,NaN
"1974-12-31",-1.007424893467812,-47.48884753651854,-0.2651488204153285,2.9901436247121715,2.4156682200703106,2.335,-2.4837049963119195,-5.218911551342542,0.6200000000000001,NaN,1.8457110655,-1.1826887086712417,-1.8054597361408797,0.23249999999999993,NaN,NaN,NaN,NaN,NaN,NaN
"1975-03-31",-1.7174094679766938,-50.2662989916292,0.7464898656161012,2.2342511743427718,1.9443037546036823,1.5775,-0.057542008759980945,-5.309894594282882,0.6975,NaN,1.81493083325,-0.141858110246187,-1.6508311511365115,0.21250000000000013,NaN,NaN,NaN,NaN,NaN,NaN
"1975-06-30",0.2892432396084166,-50.80369103623745,0.664894075831618,1.4493945090643834,1.5187809595452961,1.355,0.9085471825980296,-0.8235615181931721,0.605,NaN,1.92674882825,1.5104675057796046,0.37134510234397844,0.1649999999999996,NaN,NaN,NaN,NaN,NaN,NaN
"1975-09-30",1.1400918554636652,-50.09054008794749,-0.01815030325714173,1.763759070595805,1.4928093370591977,1.54,1.0067023813710385,1.3229779372174733,0.5425,NaN,1.969229297,1.679585152838428,1.4982213517344745,0.125,NaN,NaN,NaN,NaN,NaN,NaN
"1975-12-31",0.8447252571286645,-49.89241176379302,-0.028297191825688017,1.6525163229537565,1.6148358191750312,1.3525,0.5661952026613237,1.278897786585853,0.5725000000000002,NaN,1.96503934425,0.1354675057796044,0.5234513641739325,0.13000000000000034,NaN,NaN,NaN,NaN,NaN,NaN
"1976-03-31",1.7010136314336677,-48.74272580953125,0.8165957954556657,1.0713450932916757,1.5104685218496616,1.2075,1.52233916256852,3.3862189561282285,0.565,NaN,1.898725,1.9626733881325455,1.5286819716806122,0.14000000000000012,NaN,NaN,NaN,NaN,NaN,NaN
"1976-06-30",0.2771660309770718,-48.47947033294222,0.8714851306506788,0.9961580878442788,1.189670283080213,1.3,0.26368996201142636,1.9082256407076614,0.47250000000000014,NaN,1.8959285715,0.27884985872078094,0.15324093693522833,0.1299999999999999,NaN,NaN,NaN,NaN,NaN,NaN
"1976-09-30",0.04265833818988263,-48.59497021638326,0.8140674399748749,1.2689375379725476,1.5502271357312303,1.32,0.813610027079914,0.7519671149070595,0.4299999999999997,NaN,1.8926359375,-0.1954148471615721,0.26582519630622414,0.14000000000000012,NaN,NaN,NaN,NaN,NaN,NaN
"1976-12-31",0.3613524696115755,-48.894209440113734,0.4466353686847835,1.6642985039792446,1.5476843277656194,1.2175,0.7281775145910219,4.038282582255293,0.41500000000000026,NaN,1.784465164,-0.08879720010274857,-0.07527877935125105,0.15749999999999997,NaN,NaN,NaN,NaN,NaN,NaN
"1977-03-31",0.6908219016716677,-48.767467149985855,0.274213531345574,1.5905664926470386,1.6517925451645432,1.165,0.8652969288216905,3.4107686518048794,0.37249999999999983,NaN,1.8058214285,0.2643550804927329,0.43719521355662927,0.10249999999999981,NaN,NaN,NaN,NaN,NaN,NaN
"1977-06-30",1.3151910618802054,-47.245887446319834,0.4559987443517488,1.5599410942633618,1.519777138305134,1.29,0.21576571025598845,4.878973376525176,0.33000000000000007,NaN,1.8246420635,1.0628625431793,1.8891041335534542,0.08250000000000002,NaN,NaN,NaN,NaN,NaN,NaN
"1977-09-30",1.1354386845345843,-47.17224209659161,0.5537443231627082,1.3780780391855707,1.6552781804419325,1.455,0.6099026066384017,1.6384500718521156,0.3075000000000001,NaN,1.8126440475,1.514355080492733,1.2891139018373687,0.08750000000000013,NaN,NaN,NaN,NaN,NaN,NaN
"1977-12-31",0.03180156479944962,-46.305573914918696,0.046228078729793065,1.6706465152517946,1.455629777420775,1.6275,0.7926743623099641,1.6874049040749906,0.2899999999999998,NaN,1.86742791675,-1.5304210389102524,0.6068523514135116,0.07999999999999985,NaN,NaN,NaN,NaN,NaN,NaN
"1978-03-31",-0.28206723749383267,-46.62349846183087,1.6460893399336318,1.6595721530999086,1.5798827472788268,1.69,0.1170126031264429,0.6397122028260982,0.25249999999999995,NaN,1.96916166675,-0.9632568598057748,-0.013788179720175542,0.06499999999999995,NaN,NaN,NaN,NaN,NaN,NaN
"1978-06-30",3.289520758241027,-45.16099406626992,-0.8019725185874071,1.8952916090628324,1.7226788149744099,1.82,1.8078213311031988,6.314542157565251,0.26000000000000023,NaN,2.02322777775,2.518086423776315,2.396399819090156,0.06000000000000005,NaN,NaN,NaN,NaN,NaN,NaN
"1978-09-30",0.4695078427606636,-45.01487406932991,-0.21404475000273981,1.7232421116736951,1.7069806439705904,2.0225,-0.002043522416328436,2.457571124431135,0.2400000000000002,NaN,2.060672619,-0.48585602363216035,0.14791505382844017,0.05250000000000021,NaN,NaN,NaN,NaN,NaN,NaN
"1978-12-31",0.9691586729048685,-44.691920253239736,0.3123248561935632,2.011899096427072,1.778988099096912,2.395,0.23012914638487203,1.7251149714207437,0.25249999999999995,NaN,2.11996926225,-0.23953249422039566,0.5245717851305454,0.0625,NaN,NaN,NaN,NaN,NaN,NaN
"1979-03-31",-0.27312685542061343,-44.2469422385928,1.1371946254540022,1.817790277861242,1.3490441920593899,2.5175,0.12463982641610638,0.7282651082332947,0.2825000000000002,NaN,2.18656491925,-0.6476207295145133,0.4602625210824218,0.06499999999999995,NaN,NaN,NaN,NaN,NaN,NaN
"1979-06-30",-0.2670753249905178,-45.106835746271656,-0.18056617903031147,2.35611354593539,2.1627352878433204,2.545,-0.14736321657173868,-0.8223342857749671,0.3275000000000001,NaN,2.19220846775,-2.0186697044490858,-0.9222859394101501,0.07750000000000012,NaN,NaN,NaN,NaN,NaN,NaN
"1979-09-30",0.3990014257667762,-44.55871526620676,0.2746131571494448,2.0185385151208823,1.823712559090085,2.735,1.0002079988807422,1.7024794909170886,0.3400000000000003,NaN,2.18570753975,-0.9389595595215494,-0.20844265814543572,0.06499999999999995,NaN,NaN,NaN,NaN,NaN,NaN
"1979-12-31",-0.11437558702893647,-44.36316667822595,0.596856184269906,1.9429278675789252,2.0569598665333366,3.395,0.3088923548346001,-1.266053692926969,0.41000000000000014,1.6,2.49931557375,-0.9135972406809696,0.04344639634179526,0.08999999999999986,NaN,NaN,NaN,NaN,NaN,NaN
"1980-03-31",-0.15910802863724482,-45.097519499104344,0.665486507355395,2.1436367128911726,2.4051300235787387,3.7675,0.2526408206641184,-1.5438546933643382,0.42500000000000027,NaN,2.844577015,-0.5076887086712415,-0.40991482762228193,0.0900000000000003,NaN,NaN,NaN,NaN,NaN,NaN
"1980-06-30",-2.431629933764501,-47.251413166619294,0.3820404457759219,2.164736228815256,2.20785722652872,3.1675,-2.4125967009711813,-8.841896531376092,0.6949999999999998,1.8375,2.55652262,-3.4076887086712415,-2.264472870343448,0.1549999999999998,NaN,NaN,NaN,NaN,NaN,NaN
"1980-09-30",-0.5267433775551389,-47.97142302929576,0.1694723994844216,2.2704189282770404,2.194623802324358,2.455,0.7324021539335757,0.6946436330614036,0.5550000000000002,NaN,2.659377735,-0.29697442295695575,0.3577234085923475,0.1575000000000002,NaN,NaN,NaN,NaN,NaN,NaN
"1980-12-31",1.4186416199127416,-46.884876412315535,-0.023488410215860567,2.771732756364864,2.4012228746947084,3.9625,0.6147944490694224,2.6773030306372956,0.6099999999999999,1.9375,2.9635536875,1.8110404404784508,2.09833335285331,0.1499999999999999,NaN,NaN,NaN,NaN,NaN,NaN
"1981-03-31",1.6015364168971868,-46.507448235258764,0.03427367878568455,2.5513824729729073,2.1958431009546864,4.15,0.0535405892006402,0.5905129282877453,0.6275,NaN,3.091737705,1.153849858720781,0.3278486293454397,0.10499999999999998,NaN,NaN,NaN,NaN,NaN,NaN
"1981-06-30",-0.9844353356499802,-46.303844627723834,-0.033281338231694324,1.7561018501303316,1.8583653510710896,4.4475,-0.47487749818704295,0.8579988291635698,0.5699999999999998,1.825,3.242218255,-1.577767788338043,-0.2426802791647198,0.12250000000000005,NaN,NaN,NaN,NaN,NaN,NaN
"1981-09-30",0.7257757861837466,-47.5367140359813,0.29974629646851714,1.848078663117203,1.8138861024575181,4.3975,-0.1715727267010081,-0.5047760727581063,0.4950000000000001,NaN,3.465133985,1.1207616234266633,0.9713901717920526,0.10499999999999998,NaN,NaN,NaN,NaN,NaN,NaN
"1981-12-31",-1.4433747827827803,-48.56620149825215,-0.24108921689057206,1.7845360320010606,1.7504036718112292,3.3975,-1.362917068631564,-0.44577697457900967,0.6349999999999998,1.6375,3.3715077875,-3.268944258926278,-1.4037323431101312,0.11999999999999966,NaN,NaN,NaN,NaN,NaN,NaN
"1982-03-31",-1.9647631801076537,-50.128763920198516,1.2095419626323711,1.335579118155561,1.435964430623482,3.5525,0.24564806489171254,-3.1016920577118245,0.6900000000000004,NaN,3.4052200825,-2.268944258926278,-1.093297843924379,0.18500000000000005,NaN,NaN,NaN,NaN,NaN,NaN
"1982-06-30",0.18596114831554988,-50.1317477165621,-0.35915855849511513,1.228309370340952,1.332796890596999,3.6275,-0.23841230790542234,-3.542640169328531,0.7600000000000002,1.3,3.293906745,-0.6623266118674545,0.04094711283444408,0.1924999999999999,NaN,NaN,NaN,NaN,NaN,NaN
"1982-09-30",-0.6521112413398145,-50.655388985879135,0.14098032216197653,1.4001138873978025,1.586204888590359,2.7525,0.6082005381389255,-3.5101106530288915,0.8275000000000001,NaN,3.133927345,-1.2762972001027486,-0.6808518529731633,0.20250000000000012,NaN,NaN,NaN,NaN,NaN,NaN
"1982-12-31",-0.19471169822959933,-51.97316941358032,0.3267732649978816,1.08065737465326,1.3928489674890354,2.32,1.5142942606546583,-1.0731727786361445,0.9175,1.2875,2.666912705,-0.18070896480863094,-0.7057751867511453,0.29000000000000004,NaN,NaN,NaN,NaN,NaN,NaN
"1983-03-31",0.9475996288807464,-51.972160949268975,0.25613627917169257,0.846764358174612,1.352425321533568,2.165,0.6713540827734121,0.77576281420636,0.7400000000000002,1.2,2.6537666675,0.5214969175443103,0.7553404519413442,0.24250000000000016,NaN,NaN,NaN,NaN,NaN,NaN
"1983-06-30",1.9508660883786333,-50.898385626569365,0.3236869112704377,0.673036079451883,0.7731873045754956,2.2,1.8956207838434658,2.4249309276659026,0.6099999999999999,NaN,2.638814285,1.846444632731539,1.3823569955503379,0.18999999999999995,NaN,NaN,NaN,NaN,NaN,NaN
"1983-09-30",1.6394944718180815,-49.54821900228943,-0.49030563644033576,1.0400839333509548,1.5116422839974497,2.365,1.7059764150751056,4.151676137541238,0.43500000000000005,NaN,2.88161875,0.13748940885094177,1.0556125037370023,0.13750000000000018,NaN,NaN,NaN,NaN,NaN,NaN
"1983-12-31",1.7501348651293602,-48.31979074574129,0.3545323622770713,0.7224116628384181,0.8008409188553944,2.3575,1.207074730889235,4.619014140907584,0.42749999999999977,1.175,2.8891458325,1.3165938864628823,1.9710902659997975,0.12749999999999995,NaN,NaN,NaN,NaN,NaN,NaN
"1984-03-31",1.6958594774791003,-47.28918301088676,0.21391846621111044,1.0347603888838819,0.9990839319907519,2.4225,0.5890513671443109,1.9673731724435262,0.4125000000000001,1.275,2.939839515,1.4919670207912403,2.463635612196491,0.047499999999999876,NaN,NaN,NaN,NaN,NaN,NaN
"1984-06-30",1.4036033923833569,-46.550069149044404,0.08992669279210275,0.8797843695596441,1.1656715373487003,2.6375,1.2070334760289292,3.146136410989425,0.3724999999999996,NaN,3.22726865,0.8516937938335318,1.2653010141500332,0.0,NaN,NaN,NaN,NaN,NaN,NaN
"1984-09-30",0.6720515597817056,-46.53619062546621,0.5862810340529767,0.821969249232346,0.9377725040962126,2.8475,0.4246324604971985,1.2447540441382965,0.4700000000000002,NaN,3.129306745,-0.2543668122270743,0.7885580507903889,0.040000000000000036,NaN,NaN,NaN,NaN,NaN,NaN
"1984-12-31",0.5507979703954557,-46.56322632792769,0.1580042005052129,0.6196393072616324,0.7161211564171488,2.315,1.0225141994832043,1.1902603398446066,0.4575,1.175,2.885659835,-0.5308819637422258,0.8354783147915379,0.14250000000000007,NaN,NaN,NaN,NaN,NaN,NaN
"1985-03-31",0.6652390793356555,-46.50844671257275,0.11621302951903001,1.1768693430126653,1.3742838154306547,2.12,1.4104080924388862,-0.2247556943947543,0.4025000000000003,0.9624999999999999,2.87300375,0.2304816726214106,0.5569308401902728,0.1200000000000001,NaN,NaN,NaN,NaN,NaN,NaN
"1985-06-30",0.6749575990869894,-46.63306065472188,0.3755521029617237,0.5649137830267215,0.9010987607723564,1.98,0.9187375219057659,0.6214776660843496,0.4674999999999998,NaN,2.7160841275,-0.7393762627908494,0.48827470769240433,0.1200000000000001,NaN,NaN,NaN,NaN,NaN,NaN
"1985-09-30",1.1938013817990534,-46.83968582961313,0.8435777001820521,0.6399938139983519,1.0364607496250677,1.975,1.7656201953612394,-0.8668120328787776,0.4325000000000001,NaN,2.613343255,1.1748028416867629,0.8676932600217846,0.07249999999999979,NaN,NaN,NaN,NaN,NaN,NaN
"1985-12-31",0.4983899012089621,-46.35014798553492,1.3537160259987413,0.5356923485248188,0.7000951602114114,2.025,0.11919251034682166,1.6879183109949984,0.43999999999999995,1.0125,2.484825,-0.39982402398487915,0.3180239589092526,0.08999999999999986,NaN,NaN,NaN,NaN,NaN,NaN
"1986-03-31",0.6368461467197495,-45.69398883830935,0.9792108690766244,0.4846717262264377,1.0805317868331166,1.9575,0.7847856788945284,0.035063495031284475,0.5249999999999999,0.875,2.1898325,0.6023792704854868,0.7280394554606939,0.1625000000000001,NaN,NaN,NaN,NaN,NaN,NaN
"1986-06-30",0.19962223318006345,-46.123520664884765,0.7094434945262518,0.37096872138215886,0.6604976014999764,1.73,0.335377398204173,0.11917643062309413,0.6499999999999999,NaN,1.962651172,-0.36085602363216035,0.004669980978233568,0.3325,NaN,NaN,NaN,NaN,NaN,NaN
"1986-09-30",0.6524310285546009,-46.00120238445449,0.762897327960177,0.4651966658534512,0.661246534261295,1.5525,1.551562916076632,-0.3710279448057685,0.7,NaN,1.93558945325,-0.11287260299981017,0.31393728803125187,0.36250000000000004,NaN,NaN,NaN,NaN,NaN,NaN
"1986-12-31",0.18469563842454795,-45.812984368564,0.7141504574882052,0.6022167461019023,0.7965076957094475,1.5675,0.34724237545427084,0.5262335388799277,0.6624999999999999,0.875,1.91453064525,-0.8085247769128536,0.4545453637939012,0.30999999999999983,NaN,NaN,NaN,NaN,NaN,NaN
"1987-03-31",0.5510001653629026,-44.8768229474684,-0.08250987048590286,0.5851233442652592,0.6216455873407689,1.555,0.21029617991923377,-2.23578866548495,0.5800000000000001,0.925,1.8585635245,-0.868208964808631,0.8560484197130735,0.25749999999999984,NaN,NaN,NaN,NaN,NaN,NaN
"1987-06-30",0.8496511800064499,-44.595408827635374,0.06586175780704528,0.6521031511544706,0.9492768889459491,1.6625,1.3887699573321477,0.8163020277524025,0.4812500000000002,NaN,2.11110634925,1.304585152838428,1.3067072894083487,0.1837500000000003,NaN,NaN,NaN,NaN,NaN,NaN
"1987-09-30",0.6070472812880201,-43.959600856176806,0.30268487819414824,0.7360521927301633,0.881324222961144,1.71,1.0682300029695835,0.9892823966915931,0.4837499999999997,NaN,2.235225,0.15017338813254558,1.1910996994104806,0.1962499999999996,NaN,NaN,NaN,NaN,NaN,NaN
"1987-12-31",1.4034942082967627,-43.94532404099998,0.42172862001808586,0.7785363159895198,1.0263361774345725,1.73,0.02281577610958596,-0.16125074739118117,0.55125,1.0,2.294944758,0.14649691754431027,1.0698972777245408,0.25875000000000004,NaN,NaN,NaN,NaN,NaN,NaN
"1988-03-31",0.2903207193621249,-44.016567177251,0.9668084819543565,0.7725219221329738,0.9451789850948522,1.6675,1.4848196439083194,-0.12853545444719838,0.5562499999999999,0.95,2.1560116935,0.2531145646031338,0.9323759314383451,0.25875000000000004,NaN,NaN,NaN,NaN,NaN,NaN
"1988-06-30",1.007925583998015,-43.83211120635746,0.18276305197746368,0.9873324690610197,1.205199761137088,1.7875,0.5635430339893555,1.3133826261157249,0.49875000000000025,NaN,2.26208690475,-0.3424736706909839,0.8532131494790596,0.20625000000000027,NaN,NaN,NaN,NaN,NaN,NaN
"1988-09-30",0.26868675622179206,-43.5794824649852,-0.009255322314966064,1.2005913426182957,1.145306938913837,1.995,0.5939286086998674,-0.5106481051463024,0.4837500000000001,NaN,2.28951640625,-0.04100308245568974,0.5779751557506096,0.20625000000000027,NaN,NaN,NaN,NaN,NaN,NaN
"1988-12-31",0.9828308287038845,-43.239142763008154,-0.12589829578709133,0.8533631822795762,1.0981654182033118,2.1175,1.0042112888940746,0.9899490162153386,0.38625,0.9624999999999999,2.22905081975,-0.1292383765733368,1.0377394573744758,0.13624999999999998,NaN,NaN,NaN,NaN,NaN,NaN
"1989-03-31",0.8073711606045975,-42.75282918978558,-0.6382896924718384,1.012942930913141,1.050884369810401,2.3625,0.2886525501009096,0.14142220293785757,0.37875000000000014,0.9375,2.26024795075,-0.7285030824556898,0.4583723908141879,0.14124999999999988,NaN,NaN,NaN,NaN,NaN,NaN
"1989-06-30",0.4885168142521379,-43.00196919517152,-0.6773877774852499,1.0463602228578672,0.887697524709985,2.4325,0.4698721770290959,-0.541768342271387,0.40749999999999975,NaN,2.16317265625,-1.5336501412792194,-0.4901527408290529,0.1875,NaN,NaN,NaN,NaN,NaN,NaN
"1989-09-30",0.45908800913255776,-43.03075528284577,0.14719177761390867,0.7332513572297472,0.7181441183609749,2.27,0.5483575318418366,1.2465765135899087,0.44375000000000053,NaN,2.016611111,-0.41967955304392507,0.09463861638291382,0.21375000000000055,NaN,NaN,NaN,NaN,NaN,NaN
"1989-12-31",-0.0331627840400861,-43.35704745578788,0.7270552597075874,0.661958420197184,0.9021077585332549,2.1525,0.2866688215579005,-1.6785914201477987,0.47250000000000014,0.925,1.9725294355,-0.8664957914056073,-0.16564272215414677,0.24250000000000016,NaN,NaN,NaN,NaN,NaN,NaN
"1990-03-31",0.8044122324271652,-42.49841023105301,0.9294728582052714,1.1092999504785261,1.1196455419171691,2.0625,0.8916099700715607,0.3890213555018951,0.4175,0.8625,2.09070483875,0.6661129042465668,0.7543076238863522,0.18999999999999995,NaN,NaN,NaN,NaN,NaN,NaN
"1990-06-30",0.11824148977016558,-43.160389916540254,1.0312582302442141,1.0250616246720412,1.0999167271359411,2.06,-0.08610842159642029,-2.8935733443770233,0.41125000000000034,NaN,2.149836508,0.40162015062337836,0.2972426849178422,0.1837500000000003,NaN,NaN,NaN,NaN,NaN,NaN
"1990-09-30",-0.25290707562680703,-43.95926129154706,0.4975263221134618,0.897135203726851,0.9892691860969194,2.04,0.4834655898011908,-1.400633156657799,0.4175,NaN,2.17705396825,-0.8628726029998103,-0.3703107167881359,0.1625000000000001,NaN,NaN,NaN,NaN,NaN,NaN
"1990-12-31",-1.1433977922930882,-44.5218762175319,0.0527552434312184,0.7740137395211732,0.8256204676227341,1.935,-0.49842642998176867,-3.0945708656705206,0.5312499999999996,0.9125000000000001,2.11081935475,-1.8628726029998102,-0.7660622838279285,0.20374999999999943,NaN,NaN,NaN,NaN,NaN,NaN
"1991-03-31",-0.7271140841867751,-45.569227233662524,-0.21692650477045938,0.9862288277945552,0.8459923414764425,1.6075,-1.101168209511738,-3.230426212264048,0.5225,0.8875,2.03683833325,-1.0440320232896654,-0.3881462022585547,0.20500000000000007,NaN,NaN,NaN,NaN,NaN,NaN
"1991-06-30",0.523410940073199,-46.16973924901018,1.1703067214328178,0.6690743228014995,0.751070387008923,1.465,0.4349880181571786,-0.4533613689046534,0.4237499999999996,NaN,2.0724527345,0.8146636288842478,0.013176610325338345,0.17124999999999968,NaN,NaN,NaN,NaN,NaN,NaN
"1991-09-30",0.23256400006961275,-46.19427938844005,0.4373668765309535,0.7180111912234111,0.891653763034661,1.4125,0.18205617926645434,-0.766104936370976,0.4049999999999998,NaN,2.034234375,0.03567812163787097,0.018141551455663762,0.18249999999999966,NaN,NaN,NaN,NaN,NaN,NaN
"1991-12-31",0.19052536141722642,-46.43565755857484,0.705411437007547,0.5265365849778547,0.7737280195869722,1.205,-0.09964075893769131,-0.6784761938745332,0.4500000000000002,0.875,1.9171836065,-0.36287260299981017,0.12737329876901793,0.2124999999999999,NaN,NaN,NaN,NaN,NaN,NaN
"1992-03-31",0.8897795877305992,-46.45447102828406,2.0140800255801947,0.4580991204693241,0.7484223025216785,1.005,1.7597329617658142,0.2211140426928715,0.41249999999999987,0.8,1.91126370975,2.984953483956712,1.4483468402931465,0.18249999999999988,NaN,NaN,NaN,NaN,NaN,NaN
"1992-06-30",0.8476837989246921,-45.74366943450787,0.24080706689270648,0.6307372605774297,0.7016605276732868,0.9425,0.4589756292824543,2.5476599074479243,0.37250000000000005,0.85,1.92016746025,0.25659700561447285,0.56348325514467,0.1599999999999997,NaN,NaN,NaN,NaN,NaN,NaN
"1992-09-30",0.7236374262477141,-45.99628879498461,0.659104909827915,0.4644519188660823,0.5903115926442659,0.815,0.9936126391340894,0.6675656774274674,0.41749999999999976,0.8125,1.7885246095,-0.22197442295695577,0.07539092109591916,0.23750000000000004,NaN,NaN,NaN,NaN,NaN,NaN
"1992-12-31",0.7316943352257188,-46.17927217119675,0.013780289004031165,0.6898520952275611,0.7374283407442839,0.7575,0.9443304489516358,2.2939209279770334,0.43374999999999986,0.775,1.79475889825,-0.10768870867124145,0.710384189132296,0.22124999999999995,NaN,NaN,NaN,NaN,NaN,NaN
"1993-03-31",-0.09756085004387627,-46.04053595124462,-1.5381764168493683,0.6000899256324743,0.6849203050555808,0.76,0.12279843219589193,0.23388366651317938,0.43000000000000016,0.75,1.67276333325,-2.2541769508258973,-0.6932645713260244,0.2625000000000002,NaN,NaN,NaN,NaN,NaN,NaN
"1993-06-30",0.3490150624481325,-45.44369389180094,0.17930885983981626,0.6006692142544345,0.7604599385218513,0.75,0.7171300611937381,1.2648671059392214,0.42874999999999996,0.8,1.59139959025,-0.29403202328966527,0.9800537600611947,0.24624999999999986,NaN,NaN,NaN,NaN,NaN,NaN
"1993-09-30",0.3286592774826125,-44.84779488428039,-0.38447473994976944,0.5088506554875138,0.5582698851228862,0.765,0.774146462197356,0.9925655127890731,0.41249999999999987,0.7375,1.4744809525,-1.1237421682172015,0.013700351979906156,0.22999999999999976,NaN,NaN,NaN,NaN,NaN,NaN
"1993-12-31",1.0342456957699753,-44.66141667194954,0.32668733955922014,0.5625216838478941,0.5115575193127775,0.7475,0.6428363400710291,3.421754236983221,0.3174999999999999,0.7375,1.46789795075,1.4306056578697552,1.6417959040696761,0.1399999999999999,NaN,NaN,NaN,NaN,NaN,NaN
"1994-03-31",0.6948974467047675,-44.21779311612912,-0.9845711589873768,0.5170868679966745,0.447121170646092,0.8025,0.727547850625121,1.0045211590420462,0.2999999999999998,0.7375,1.579347541,-1.04100308245569,0.25503160967315086,0.12749999999999995,NaN,NaN,NaN,NaN,NaN,NaN
"1994-06-30",1.1124507579774678,-43.684899694091506,0.3047111794174995,0.49134797340473213,0.6689163617082272,0.985,0.5882736025442536,1.566416414040478,0.2799999999999998,0.75,1.80578629025,-0.0005619059851014675,1.3195704931658891,0.11749999999999994,NaN,NaN,NaN,NaN,NaN,NaN
"1994-09-30",0.3778969667103782,-43.40770495370059,-0.5910139699916717,0.49975387239786784,0.5527324722714333,1.1225,0.7311210348584396,0.4836768876910341,0.28,0.75,1.85747777775,-1.044679553043925,0.7263408666188464,0.11250000000000004,NaN,NaN,NaN,NaN,NaN,NaN
"1994-12-31",0.8609094985670529,-42.68719035660968,0.034229373424993215,0.5644595045097844,0.5070195968693625,1.2925,0.7235995921402338,1.9482297591298658,0.28000000000000025,0.75,1.95837541675,1.0740565730300464,0.87671913306544,0.1200000000000001,NaN,NaN,NaN,NaN,NaN,NaN
"1995-03-31",0.05593748804966214,-42.91207062796989,-0.2646732108103067,0.6026938487226019,0.510896339034872,1.45,-0.11334798811650781,1.872848462130594,0.28000000000000025,0.7,1.87210625,-1.2468389493580136,0.1842237389591439,0.1299999999999999,NaN,NaN,NaN,NaN,NaN,NaN
"1995-06-30",0.0815721958778104,-43.6371255455434,0.21633893192119502,0.4476545619450434,0.5722953565792999,1.505,0.7503267641689293,-0.3897873577282107,0.3025000000000002,0.7125,1.66728333325,-0.5901225314475658,0.3110092927860242,0.16000000000000014,NaN,NaN,NaN,NaN,NaN,NaN
"1995-09-30",0.6389610355887698,-43.6537423565003,0.1500547808976238,0.4271299952873342,0.4659335060825498,1.45,0.6250620687538788,1.01366235881179,0.3200000000000003,0.675,1.607320635,0.14868343870168804,1.003882270502876,0.16500000000000004,NaN,NaN,NaN,NaN,NaN,NaN
"1995-12-31",0.4590660057451901,-43.68938207527666,0.5263141687891881,0.47538648581326726,0.5005282500200714,1.43,0.3963419544092073,1.1989428121256862,0.33499999999999996,0.625,1.49359798375,0.01435508049273277,0.3861013322966955,0.1725000000000001,NaN,NaN,NaN,NaN,NaN,NaN
"1996-03-31",0.4134067353759985,-44.287843500993596,0.9640863282603856,0.5098431584879215,0.3983741507275873,1.3425,0.7041252699898415,1.554100446841039,0.3325,0.625,1.5096044355,0.7195789610897478,0.8429536817778027,0.16749999999999998,NaN,NaN,NaN,NaN,NaN,NaN
"1996-06-30",1.4595375500390473,-43.391680783139286,0.6934577210593068,0.37676653674409977,0.46591365416173147,1.31,1.087308951274868,2.2504014605409046,0.30000000000000027,0.625,1.70017578125,1.0789665211062591,1.2205613584117647,0.12750000000000017,NaN,NaN,NaN,NaN,NaN,NaN
"1996-09-30",0.4685548333344225,-42.64077945278473,0.3492465272060097,0.4533737149068351,0.4549991868290526,1.3275,0.2926889697125512,1.7848093106759666,0.2999999999999998,0.625,1.6985261905,0.20017864231838034,0.48575638782772934,0.125,NaN,NaN,NaN,NaN,NaN,NaN
"1996-12-31",0.8501771664435998,-42.439155584820476,0.04285753574000406,0.4215611766184679,0.5636768553753946,1.32,0.7500485073989704,0.819183181358847,0.3025,0.625,1.5985096775,-0.0005789334391954515,1.0387672284647875,0.13000000000000012,NaN,NaN,NaN,NaN,NaN,NaN
"1997-03-31",0.5952951144600926,-42.21953058741885,0.4074211987904891,0.4906591118612802,0.39095759818970066,1.32,0.705237262070435,1.0612333597071046,0.29000000000000004,0.625,1.6492322035,-0.8263365091967713,0.9741645462644111,0.1299999999999999,NaN,NaN,NaN,NaN,NaN,NaN
"1997-06-30",1.0047925955326331,-41.57305379099796,0.30548943603770917,0.46390676572958256,0.5139811406549732,1.38,-0.06113053030118998,1.2082847875390748,0.2925,0.5875,1.684682422,0.7342695514092894,0.6789738394525235,0.13750000000000018,NaN,NaN,NaN,NaN,NaN,NaN
"1997-09-30",1.0270710509988845,-41.11807720670502,0.670858406012434,0.2906104219731809,0.22526829367013335,1.3825,1.3578754985582586,3.059729424728184,0.2925,0.625,1.579953125,1.0032089453486834,1.4205454649578453,0.14500000000000002,NaN,NaN,NaN,NaN,NaN,NaN
"1997-12-31",0.4504357643142498,-41.00433775290373,1.4628247694483814,0.3420159282837787,0.31182886970571033,1.3775,0.8360082738810615,-0.0008858108735475961,0.30500000000000016,0.5375,1.49378185475,0.06760288474262272,0.9751333787710648,0.16500000000000004,NaN,NaN,NaN,NaN,NaN,NaN
"1998-03-31",0.6848144971927206,-41.39950815560063,1.6751355059235222,0.1438583561804485,0.2766388936039199,1.38,0.5574323651665214,2.032388037240778,0.32499999999999996,0.525,1.42354303275,0.357638662582285,0.7636132384190919,0.17999999999999994,NaN,NaN,NaN,NaN,NaN,NaN
"1998-06-30",0.6200109844891166,-41.65120037983119,1.0625191416415602,0.22872837053347084,0.30269026674663024,1.375,1.3745447518316523,2.5214472949578033,0.3274999999999999,0.5,1.42643373025,0.2382356775076582,1.077622156094904,0.17499999999999982,NaN,NaN,NaN,NaN,NaN,NaN
"1998-09-30",0.9800777195229426,-41.45820198114567,1.193629769851809,0.3610866919566469,0.3479364572875454,1.3825,0.9152590353548984,1.100377304676257,0.3799999999999999,0.5,1.331915625,0.9956983640748224,1.0908771013391605,0.21999999999999997,NaN,NaN,NaN,NaN,NaN,NaN
"1998-12-31",1.3396679908293407,-41.247070716488565,0.13539571468134115,0.2614479635645317,0.30678404291188954,1.215,1.1115709275561825,2.1466592134690585,0.4675,0.5,1.23705846775,-0.34982661186745445,0.6278554366701994,0.23750000000000004,NaN,NaN,NaN,NaN,NaN,NaN
"1999-03-31",0.5739266182207658,-41.39349301863646,1.2081396884661033,0.3739310508021454,0.3215359118687644,1.1825,0.48536205648455066,1.1540320677417573,0.43500000000000005,0.44999999999999996,1.3364364755,1.0472322116619575,1.0113716307030063,0.18999999999999995,NaN,NaN,NaN,NaN,NaN,NaN
"1999-06-30",0.38771877174373914,-41.54038974542722,-0.18777034276754034,0.4175999748329495,0.3096779778005043,1.1875,1.2340877616950907,1.6628271256074398,0.4125000000000001,0.5,1.4569,-0.9932089648086311,0.18382520549879988,0.20999999999999996,NaN,NaN,NaN,NaN,NaN,NaN
"1999-09-30",0.9021323721182029,-41.62977034091657,0.48226979960621363,0.35353162075377753,0.342299503697685,1.275,0.9428750799435948,1.4590391634701994,0.4249999999999998,0.5,1.55484233875,0.021496917544310237,0.5725675919448614,0.23249999999999993,NaN,NaN,NaN,NaN,NaN,NaN
"1999-12-31",1.3271256574163282,-41.46429720699274,1.58920370432519,0.4901238850657741,0.45339073390167073,1.325,1.2001724353870369,-0.05368176139288472,0.4075,0.5,1.6126310485,1.2825263293090163,1.2282508232424605,0.21999999999999997,NaN,NaN,NaN,NaN,NaN,NaN
"2000-03-31",-0.05213764271113641,-40.09652453771597,2.9155217653069387,0.740565544218974,0.5499162799446289,1.42,1.239145985667467,2.3014061989841768,0.43500000000000005,0.5,1.64439126975,0.19872159989874053,1.679517193204616,0.28,NaN,NaN,NaN,NaN,NaN,NaN
"2000-06-30",1.5225165970289667,-40.51170000858946,-0.22374948865715588,0.5490908369496061,0.32708426686198777,1.5675,0.5011331018684895,1.720741148342221,0.5625,0.5,1.57897341275,0.9668375419277261,0.20445403002107287,0.35749999999999993,NaN,NaN,NaN,NaN,NaN,NaN
"2000-09-30",-0.23558486322626804,-41.05945922175884,1.354382134465193,0.6386442929659175,0.45565694504334786,1.63,0.5866213514313046,-0.13785077622756325,0.5550000000000002,0.5,1.50559126975,-0.8701189798114045,0.3848275799616552,0.37750000000000017,NaN,NaN,NaN,NaN,NaN,NaN
"2000-12-31",0.21041540247120905,-41.24226854464599,0.028466775789358356,0.5305181036688644,0.4805526780938152,1.6175,0.5459620752509053,-0.45844650111535323,0.5800000000000003,0.5,1.42855120975,0.0574172520726536,-0.5345448978391731,0.37750000000000017,NaN,NaN,NaN,NaN,NaN,NaN
"2001-03-31",-0.6538941932977771,-41.616926336438276,1.7731591911397657,0.6348537990375824,0.5645407219695642,1.4,0.09329628359631137,-1.4445595003072658,0.5725,0.5,1.32637983875,-0.8809885450287956,0.78191750843154,0.37250000000000005,NaN,NaN,NaN,NaN,NaN,NaN
"2001-06-30",0.17679229228284576,-42.73127592957291,-0.4409614834000125,0.6977776249665446,0.38853070454383243,1.0825,-0.32185163709366194,-2.0413036816197314,0.5499999999999998,0.5,1.38806865075,0.1842288462755522,-0.5336664163103744,0.345,NaN,NaN,NaN,NaN,NaN,NaN
"2001-09-30",-0.6678442130933826,-43.65028739392489,-0.21709085127974564,0.32325622027160605,0.2852010512389924,0.875,-0.23657586363484695,-1.240765839055806,0.5825,0.5,1.332045082,-1.0186697044490856,-0.707933863076271,0.37250000000000005,NaN,NaN,NaN,NaN,NaN,NaN
"2001-12-31",-0.08534354717077974,-44.65875374571677,0.5543826524266617,0.3127176261161324,0.5069441267511188,0.5325,0.916521064032505,-2.926243265780622,0.6099999999999999,0.5125,1.2944955645,-0.0078001392316942066,-0.8655637083544554,0.3599999999999999,NaN,NaN,NaN,NaN,NaN,NaN
"2002-03-31",0.5947943965049274,-45.096119449803496,0.23433340770912525,0.29280515013176966,0.28525111070827336,0.4325,-0.16024581686141515,-1.335157857068403,0.5549999999999999,0.5,1.3760425,2.0619380940148986,0.9631919099959196,0.21999999999999997,NaN,NaN,NaN,NaN,NaN,NaN
"2002-06-30",0.16504470884367572,-44.95861961157921,0.4618580042639875,0.41226455097627124,0.582918410311084,0.4375,0.5183520497369698,-0.951250792219309,0.5625,0.5,1.36781601575,-0.43070896480863097,0.2261737397536101,0.2350000000000001,NaN,NaN,NaN,NaN,NaN,NaN
"2002-09-30",0.14850535608532667,-44.97294618485004,0.04222977714746501,0.44109156223237633,0.5159435366494769,0.435,0.4164357826119902,-0.9874636080563475,0.6099999999999999,0.5,1.1721527345,-0.019227009059505987,-0.2078282480322824,0.2899999999999998,NaN,NaN,NaN,NaN,NaN,NaN
"2002-12-31",-0.2563518214813931,-45.71967159359076,-0.2606653471477885,0.5209168188699209,0.34701781251351704,0.36,0.13309757593257254,-0.643595780884259,0.645,0.48750000000000004,1.1113685485,-0.3550479045818941,0.25694698060194643,0.31500000000000017,NaN,NaN,NaN,NaN,NaN,NaN
"2003-03-31",0.17427635474099867,-45.47582242075805,-0.008083395184844966,0.6226996313154487,0.24310141381436168,0.3125,0.18625403432880328,0.21638923164827745,0.5549999999999999,0.5,1.077589754,0.32405657303004626,-0.18400469701405076,0.2749999999999999,NaN,NaN,NaN,NaN,NaN,NaN
"2003-06-30",0.5911796479355358,-45.94783016178532,1.4235229686437736,0.3232031171929606,0.3618597431712445,0.3125,0.5395306519666909,1.4854480522521467,0.47,0.5,0.98552777775,1.2830117969106434,0.5934658374373791,0.17999999999999994,NaN,NaN,NaN,NaN,NaN,NaN
"2003-09-30",1.3462655825298153,-46.65184248316745,0.9404376660722233,0.540962707963466,0.4042723560155004,0.255,1.207051253601965,2.5844508675245765,0.4099999999999999,0.5,1.14361328125,1.4047240968638348,0.6383121611978293,0.13250000000000006,NaN,NaN,NaN,NaN,NaN,NaN
"2003-12-31",0.820019639138958,-46.147037805755,0.8377160068904586,0.49456482228533716,0.3490522087344239,0.25,0.36033807560172937,1.811279214504822,0.375,0.5,1.14861129025,0.4274513695911077,0.6337385540712503,0.125,NaN,NaN,NaN,NaN,NaN,NaN
"2004-03-31",0.26803402328777204,-46.30754699831563,-1.0134052346939426,0.857092745002408,0.5401896555351726,0.25,0.5547083246089324,-0.6071190084986009,0.345,0.5,1.07190564525,0.2759362180759561,0.45397585935270657,0.14250000000000007,NaN,NaN,NaN,NaN,NaN,NaN
"2004-06-30",0.44721237405471737,-46.322197808729904,1.098545177326418,0.8374302348485685,0.604659701148158,0.2525,0.1979927439002105,2.4406081110999263,0.32499999999999996,0.5,1.2214258065,0.6054816726214106,0.7473635525537758,0.14249999999999985,NaN,NaN,NaN,NaN,NaN,NaN
"2004-09-30",0.5565208849636738,-45.87677917987296,1.0553956217836475,0.6528565932380381,0.45935055792263313,0.3575,0.5697396701245028,2.003535093899031,0.345,0.5,1.13886875,0.7494121598925092,0.7854545226328336,0.14249999999999985,NaN,NaN,NaN,NaN,NaN,NaN
"2004-12-31",0.5594844490649842,-46.127079238872604,-0.27010937487664466,0.6963777647339242,0.46709586909665646,0.4875,0.8063627838815313,1.7920775133517697,0.33000000000000007,0.5,1.09624758075,-0.4505878401074908,0.20205857334992805,0.15500000000000003,NaN,NaN,NaN,NaN,NaN,NaN
"2005-03-31",0.7630740257357882,-46.14327333918027,-0.17142591090985454,0.9184566959703488,0.6357258901839025,0.6175,0.05802095795086615,1.4684591896116346,0.3025,0.48750000000000004,1.1068684425,0.32248908296943224,0.6726988593658056,0.14000000000000012,NaN,NaN,NaN,NaN,NaN,NaN
"2005-06-30",0.2290330746031466,-45.66136545372235,-0.1800764657724524,0.7180355663721549,0.5322880845738176,0.735,0.7287170796366427,1.6105166392159198,0.355,0.5,1.06252734375,-0.3951282751091703,0.4222064996023789,0.15000000000000013,NaN,NaN,NaN,NaN,NaN,NaN
"2005-09-30",0.5497522444242897,-45.418239959908036,0.30985419616677623,0.9241808010289176,0.4143249957688333,0.865,0.646241477745968,1.6283459884795126,0.36750000000000016,0.5,1.0705421875,0.6439342248908297,0.5904930999390046,0.14500000000000002,NaN,NaN,NaN,NaN,NaN,NaN
"2005-12-31",0.28255984099870846,-45.191471918349535,-0.12619016713085462,0.7536545696900099,0.6525238603101613,0.995,0.11373188499507192,0.41690281002392804,0.39250000000000007,0.5,1.14384713125,0.11447286338116025,1.08137346488838,0.15250000000000008,NaN,NaN,NaN,NaN,NaN,NaN
"2006-03-31",0.9242856889397633,-44.88313868451552,1.3293845840308367,0.7682715383610983,0.507902371194735,1.1125,0.5232547196876602,2.0019585573932104,0.38749999999999996,0.5,1.1579685485,1.1700284189367158,1.606421740036229,0.15749999999999997,NaN,NaN,NaN,NaN,NaN,NaN
"2006-06-30",-0.0022278922786944655,-44.438300880012704,-0.789031736824003,0.8205773068366007,0.6714531424296233,1.2275,0.19694670801319036,-1.311472214143314,0.36250000000000004,0.5,1.27886746025,-1.0323525334442365,-0.14961952930777067,0.1499999999999999,NaN,NaN,NaN,NaN,NaN,NaN
"2006-09-30",-0.18869914081453,-44.67871492067346,-0.5637823107160895,0.6963823779680745,0.5356176610905372,1.3125,0.3215374721344144,-1.447766040587023,0.375,0.5,1.23086309525,-1.2228287239204272,0.11686920520900257,0.14749999999999996,NaN,NaN,NaN,NaN,NaN,NaN
"2006-12-31",0.49899056876639425,-43.925855355679744,1.3922574505857144,0.35736593594704047,0.4197366023028337,1.31,0.21353917364335118,-0.8141586751450547,0.36250000000000004,0.5,1.16543266125,0.11050460941290637,0.0985268411926199,0.1399999999999999,NaN,NaN,NaN,NaN,NaN,NaN
"2007-03-31",-0.20021790174024612,-44.12660777030499,1.3276819258146286,1.11106474560696,0.7084938988131562,1.3125,0.07118995210086965,-0.9381374315260622,0.34999999999999987,0.4625,1.17989798375,-1.0982532751091703,-0.5139780276944395,0.11499999999999999,NaN,NaN,NaN,NaN,NaN,NaN
"2007-06-30",0.4819024403647565,-44.28905106019716,-0.6100197097694706,0.574598615095745,0.35185538627882096,1.3125,0.2930766324798828,-0.42562441239353266,0.355,0.475,1.222140625,-0.38731577510917037,-0.13686622163952,0.12749999999999995,NaN,NaN,NaN,NaN,NaN,NaN
"2007-09-30",0.42745866376092123,-44.7794373245225,-0.010257470022080259,0.3306738689932587,0.4899082695518864,1.2675,0.4188261708795604,-1.1701573052317005,0.405,0.475,1.2096579365,-0.9121263016459524,-0.7925459437530591,0.18500000000000005,NaN,NaN,NaN,NaN,NaN,NaN
"2007-12-31",0.11965314072750477,-44.80986755141316,0.6621066120796221,0.41640509721228014,0.6730572329294304,1.125,0.45371663479106816,-1.4747565987025064,0.46499999999999986,0.475,1.1132310485,-0.5352032247228754,-0.27506244372156874,0.21999999999999997,NaN,NaN,NaN,NaN,NaN,NaN
"2008-03-31",-0.9363747204599482,-45.400019085168175,0.3911027262920988,0.5711363393099411,0.5749225702579963,0.795,-0.17348115899208372,-2.4373376371212565,0.5874999999999999,0.5,0.99507336075,-2.127510917030568,-0.07848999449799887,0.2649999999999999,NaN,NaN,NaN,NaN,NaN,NaN
"2008-06-30",0.2938705744747916,-45.83886676504889,-0.3775498472878952,0.4406252855661208,0.5027662676965861,0.52,0.5226737416331062,-1.8718491767040226,0.6000000000000001,0.5,1.046675,-0.20512438798465005,-0.2673748608890303,0.25249999999999995,NaN,NaN,NaN,NaN,NaN,NaN
"2008-09-30",-0.7239829836145517,-46.82998353697663,0.1687612471207591,0.6829196565679929,0.45084280719587255,0.485,-0.6384789255205137,-3.4405648362662427,0.6799999999999999,0.5,1.03683125,-0.9816395394998016,-0.6861839694428884,0.29000000000000004,NaN,NaN,NaN,NaN,NaN,NaN
"2008-12-31",-2.4218126483722124,-48.48344786659222,0.8826805277677093,0.1865372813042221,0.09979990445119213,0.1275,-3.082601014303976,-6.57671049017657,1.2174999999999998,0.5,0.97315120975,-2.9121263016459524,-2.251141945106383,0.4625,0.05,0.1,0.15,0.2,0.25,0.3
"2009-03-31",-1.6265618730756715,-51.13681110072026,-2.7619080558946894,0.24018025056102843,0.11882346046467873,0.045,-1.3899686691216662,-9.09245323787266,1.1300000000000003,0.475,0.84038442625,-1.4537220251091703,-1.7751130828601802,0.3949999999999999,0.05,0.075,0.125,0.15,0.2,0.275
"2009-06-30",-0.3845194542228092,-52.5249837670982,2.568973541581821,-0.1560515286621822,0.48590570264153143,0.045,-0.08675751260329712,-5.117072730627956,0.9475,0.5,0.95096071425,0.9212779748908297,-0.2387732486290428,0.32999999999999985,0.05,0.1,0.175,0.275,0.35,0.45
"2009-09-30",0.07415471228196524,-53.40563765966699,0.6918058589573736,-0.007008024190557904,0.28102688248958785,0.0375,1.001811884511783,-1.303488823285917,0.595,0.5,0.9918765625,1.4478061967144937,0.23006451409480766,0.24749999999999983,0.05,0.1,0.175,0.25,0.35,0.45
"2009-12-31",0.7220106625598133,-54.388757722173864,0.2875701796048095,0.30090243381915016,0.5199629214197365,0.03,0.1299997169722289,-1.2179985081832378,0.5150000000000001,0.43999999999999995,0.9607314515,1.7374887363970333,1.1457845827782753,0.23250000000000015,0.05,0.1,0.2,0.3,0.4,0.5
"2010-03-31",0.21297560426001283,-54.164632282963154,-1.0364399160648452,0.33283538449024874,0.25500725755200904,0.0325,0.30325319826101094,-0.6364004207988605,0.44999999999999996,0.47250000000000003,1.0095413935,-0.35142273559656295,-0.08878023481245778,0.19999999999999996,0.05,0.1,0.15,0.225,0.3,0.4
"2010-06-30",0.7038087657833092,-53.34529873966538,0.6985900702978776,0.46055129097926084,0.26424278192953565,0.0475,0.22391474325000882,2.5393305977871234,0.4949999999999999,0.475,0.9413703125,0.6647062966615017,0.43722335132941326,0.20999999999999996,0.05,0.075,0.1,0.125,0.15,0.2
"2010-09-30",0.4309680680249228,-53.20687708855232,-0.005937500110170073,0.4574541755328454,0.24481507967779592,0.0475,0.2411744441613961,-0.6788178469678718,0.545,0.44999999999999996,0.75336953125,0.9911768916887392,1.051534420129635,0.245,0.05,0.05,0.05,0.075,0.1,0.125
"2010-12-31",0.3855616606390222,-53.5815100866639,-0.07541450663680876,0.5103080290170148,0.20191580571644607,0.0475,0.7959671655169975,1.7169357038593929,0.5175000000000001,0.42500000000000004,0.774539113,-0.27521655093421155,0.19799025427470474,0.2550000000000001,0.05,0.05,0.075,0.1,0.15,0.2
"2011-03-31",-0.6284782831001867,-53.63136265654642,1.3265162065668714,0.43645969899390735,0.3379111680785307,0.0375,0.5636063550082504,-0.5343786987873383,0.4424999999999999,0.44999999999999996,0.9213939515,-1.0852937033384984,-0.11074094545071578,0.2024999999999999,0.025,0.05,0.1,0.175,0.225,0.3
"2011-06-30",0.46044900913988496,-53.50822331269267,-1.3127046119775716,0.7403513744031365,0.6051825457843663,0.0225,0.21892790670531292,1.4787448352055006,0.44499999999999984,0.475,0.855631746,-0.18610015495140164,0.21543875056236894,0.24249999999999994,0.025,0.05,0.075,0.1,0.125,0.175
"2011-09-30",-0.01873694633281464,-53.50806368380496,0.029749551320644267,0.5798798504902614,0.5026675241547984,0.02,0.1306871903105966,3.4260297032889353,0.53,0.475,0.6470953125,-0.8030356388223694,0.4153885468981766,0.28,0.025,0.025,0.025,0.025,0.05,0.05
"2011-12-31",0.8711345401123005,-52.883940234899285,-1.3907012639802712,0.137709896909044,0.39877709742874856,0.0175,0.2887030511644517,2.2212518731471715,0.625,0.5,0.5411586065,1.0800288773066629,0.5689951221873157,0.29500000000000004,0.025,0.025,0.025,0.025,0.05,0.05
"2012-03-31",0.399678120432273,-52.332813004307965,1.7679230094593739,0.5307649026239147,0.5577431218579676,0.025,0.3899137793900276,3.1632762947103923,0.6000000000000001,0.44999999999999996,0.53337701625,1.0403572195575919,1.5835405438316241,0.275,0.025,0.025,0.05,0.05,0.075,0.075
"2012-06-30",0.21984732543809948,-52.361053221473774,0.10381556842750002,0.4431801557302606,0.46768018542371337,0.0375,-0.22708709122273296,1.3717134437970437,0.635,0.495,0.470279297,-0.8981673706063427,-0.10146303256547973,0.3125,0.05,0.05,0.05,0.05,0.05,0.075
"2012-09-30",-0.19164876860235935,-52.66602901311046,-0.5373938587296956,0.5862890172026347,0.30835199443073336,0.035,-0.2564595319283325,-0.422618283833575,0.625,0.4625,0.421290873,-0.7219378624096213,-0.34732321170217184,0.27249999999999996,0.025,0.025,0.025,0.025,0.025,0.025
"2012-12-31",-0.20386491584530875,-52.05696806301656,2.226556597937388,0.368822645777378,0.4289627312490829,0.04,0.1851174353948215,1.2650650807952462,0.5275000000000001,0.44999999999999996,0.43447663925,-0.5211181902784738,0.6300533917467266,0.27,0.025,0.025,0.025,0.025,0.025,0.05
"2013-03-31",0.4653198354091115,-52.33976903034279,-2.6034153175064043,0.35900252922465015,0.41011806923698657,0.035,0.2026608501026872,1.3994986986102358,0.5149999999999999,0.44999999999999996,0.50258041675,-0.38997064929486724,-0.282570377952962,0.2825,0.025,0.025,0.025,0.025,0.05,0.05
"2013-06-30",-0.09536245049682202,-52.253222887216566,1.1596238068650553,0.23205245213357983,0.28410584819980045,0.03,-0.24849987496137205,1.0434519886219507,0.515,0.44999999999999996,0.5125875,-0.4391509771637197,0.2044875915288069,0.29500000000000004,0.025,0.05,0.05,0.075,0.1,0.125
"2013-09-30",0.4735470880683601,-52.15440909035216,-0.21311768368366663,0.5119888381877047,0.3462522630239384,0.0225,0.059357059862608086,0.4393637058638435,0.4900000000000001,0.4275,0.713121875,-0.13587228863912953,-0.09016572317320781,0.26749999999999996,0.025,0.025,0.025,0.05,0.05,0.075
"2013-12-31",0.6980611935709258,-52.774216147777686,-0.002428018913005689,0.5233127695096762,0.43955290804191804,0.0225,0.4817803938022336,1.3758191434401033,0.4650000000000001,0.44999999999999996,0.72501209675,0.5198654162789033,0.35534618602052204,0.27249999999999996,0.025,0.025,0.025,0.05,0.075,0.1
"2014-03-31",-0.5470223480497305,-52.58272786617333,1.0695951185454569,0.4318540263683168,0.40224227003147206,0.0175,0.2688446633263286,1.3665729665253092,0.42500000000000004,0.44999999999999996,0.726382787,-1.7957083542129,0.2603158562032859,0.2550000000000001,0.025,0.025,0.025,0.05,0.1,NaN
"2014-06-30",0.7245618757763972,-51.87788465803411,-0.9563387257414312,0.5293896728166381,0.5063301956546695,0.0225,0.6096002045945959,1.305974298037695,0.41000000000000003,0.4375,0.68280198425,1.4051113179182473,1.063266827382392,0.2599999999999999,0.025,0.025,0.05,0.075,NaN,NaN
"2014-09-30",0.9386298487051803,-51.67343168758318,0.5294913990881313,0.42589971304742846,0.36722408149252317,0.0225,0.493728403425564,1.674075478706337,0.4325000000000001,0.42500000000000004,0.64927265625,0.5813408261149687,0.8297309516925144,0.2775000000000001,0.025,0.025,0.05,NaN,NaN,NaN
"2014-12-31",0.30177708174611295,-51.08175305222584,0.7451684970385449,0.13089306625371222,0.27752824211937366,0.025,0.7286533200293821,0.35673059364346105,0.5125000000000001,0.42500000000000004,0.59142016125,-0.22603622306535903,0.7021077913824836,0.2975,0.025,0.05,NaN,NaN,NaN,NaN
"2015-03-31",0.26455334162834854,-50.78917558188358,0.45595179202663516,-0.01280714274400907,0.275841952060496,0.0275,-0.06044779215835794,0.8008420169723439,0.545,0.4,0.51300286875,-0.48448725172559526,0.1426454635411245,0.3125,0.0325,NaN,NaN,NaN,NaN,NaN
"2015-06-30",0.37601613149796376,-51.35124456269331,0.6079374370421685,0.5610586311861177,0.43702799375040513,0.0325,0.3370614045267839,0.16565527517480444,0.5525,0.41000000000000003,0.5660359375,-0.5288420904352726,-0.12643829105586923,0.31999999999999995,NaN,NaN,NaN,NaN,NaN,NaN
"2015-09-30",0.2181790844897169,-51.12141526980043,0.3900123546254339,0.31427429472907775,0.3504388630675592,0.0325,0.3723914420571628,1.1272368883742445,0.6475000000000001,0.4125,0.57606875,-0.12158402591914357,0.3357918523777148,0.36,NaN,NaN,NaN,NaN,NaN,NaN
"2015-12-31",-0.024713784485741463,-50.99874648071836,0.5600593853720144,0.20836549397493798,0.29654717362026517,0.04,0.19094930843467361,-0.4062389029047375,0.705,0.4125,0.57021129025,-1.2707775743062404,0.12494249626530118,0.34750000000000003,NaN,NaN,NaN,NaN,NaN,NaN
"2016-03-31",-0.06190582043492654,-50.28984546365205,-0.36237916805862136,0.12390734763965128,0.5091697598858858,0.09,0.0907421421251664,-0.4641658583594943,0.7474999999999999,0.405,0.5003184425,-0.30706789688688546,-0.06866951544003963,0.4025000000000001,NaN,NaN,NaN,NaN,NaN,NaN
"2016-06-30",0.08811482723015684,-50.80281359413483,0.9004535546990239,0.5705210988419473,0.4445313374597859,0.0925,0.7164840839646525,-0.572572910813214,0.63,0.42500000000000004,0.452694922,-1.290938864628821,-0.08801424439131011,0.36,NaN,NaN,NaN,NaN,NaN,NaN
"2016-09-30",0.6023437600006343,-50.62682561774583,0.5882718255189059,0.35347455275971384,0.4273357312959192,0.0975,0.48142520381467824,-0.2584392883308903,0.5874999999999999,0.4125,0.40241132825,1.6203514579518243,0.9040501546688062,0.3575,NaN,NaN,NaN,NaN,NaN,NaN
